"Org","Gene_Locus","KO_Nbr","Gene_Name","Gene_Function","E_Score","P_Score","Organism"
"bvn","BVwin_00030","K00014","aroE","shikimate dehydrogenase","0.1039","0.1242","Bartonella vinsonii"
"bvn","BVwin_00040","K00859","coaE","dephospho-CoA kinase","0.5800","0.5125","Bartonella vinsonii"
"bvn","BVwin_00050","K02342","DPO3E, dnaQ","DNA polymerase III subunit epsilon","0.8212","0.6494","Bartonella vinsonii"
"bvn","BVwin_00060","K02335","DPO1, polA","DNA polymerase I","0.7656","0.8943","Bartonella vinsonii"
"bvn","BVwin_00090","K03101","lspA","signal peptidase II","0.2338","0.2223","Bartonella vinsonii"
"bvn","BVwin_00160","K06861","lptB","lipopolysaccharide export system ATP-binding protein","0.3018","0.1430","Bartonella vinsonii"
"bvn","BVwin_00170","K02806","PTS-Ntr-EIIA, ptsN","PTS system, nitrogen regulatory IIA component","0.0160","0.0050","Bartonella vinsonii"
"bvn","BVwin_00210","K01940","argG, ASS1","argininosuccinate synthase","0.0584","0.1341","Bartonella vinsonii"
"bvn","BVwin_00220","K04566","lysK","lysyl-tRNA synthetase, class I","0.0825","0.1904","Bartonella vinsonii"
"bvn","BVwin_00290","K01251","E3.3.1.1, ahcY","adenosylhomocysteinase","0.0534","0.0351","Bartonella vinsonii"
"bvn","BVwin_00300","K00329","E1.6.5.3","NADH dehydrogenase","0.0000 ","0.0363","Bartonella vinsonii"
"bvn","BVwin_00310","K11754","folC","dihydrofolate synthase / folylpolyglutamate synthase","0.5987","0.4070","Bartonella vinsonii"
"bvn","BVwin_00320","K01963","accD","acetyl-CoA carboxylase carboxyl transferase subunit beta","0.6626","0.5064","Bartonella vinsonii"
"bvn","BVwin_00340","K13038","coaBC, dfp","phosphopantothenoylcysteine decarboxylase / phosphopantothenate--cysteine ligase","0.4153","0.3095","Bartonella vinsonii"
"bvn","BVwin_00360","K03183","ubiE","demethylmenaquinone methyltransferase / 2-methoxy-6-polyprenyl-1,4-benzoquinol methylase","0.3865","0.2014","Bartonella vinsonii"
"bvn","BVwin_00460","K01439","dapE","succinyl-diaminopimelate desuccinylase","0.3579","0.1038","Bartonella vinsonii"
"bvn","BVwin_00480","K02428","rdgB","XTP/dITP diphosphohydrolase","0.2749","0.2063","Bartonella vinsonii"
"bvn","BVwin_00530","K02793","PTS-Man-EIIA, manX","PTS system, mannose-specific IIA component","0.0091","0.0080","Bartonella vinsonii"
"bvn","BVwin_00550","K14980","chvG","two-component system, OmpR family, sensor histidine kinase ChvG","0.0179","0.0013","Bartonella vinsonii"
"bvn","BVwin_00560","K14981","chvI","two-component system, OmpR family, response regulator ChvI","0.0716","0.0028","Bartonella vinsonii"
"bvn","BVwin_00590","K04043","dnaK","molecular chaperone DnaK","0.3525","0.3257","Bartonella vinsonii"
"bvn","BVwin_00610","K00930","argB","acetylglutamate kinase","0.0463","0.0630","Bartonella vinsonii"
"bvn","BVwin_00640","K00674","dapD","2,3,4,5-tetrahydropyridine-2-carboxylate N-succinyltransferase","0.3434","0.1480","Bartonella vinsonii"
"bvn","BVwin_00650","K06966","K06966","uncharacterized protein","0.0012","0.0125","Bartonella vinsonii"
"bvn","BVwin_00670","K00604","MTFMT, fmt","methionyl-tRNA formyltransferase","0.5166","0.6569","Bartonella vinsonii"
"bvn","BVwin_00730","K10773","NTH","endonuclease III","0.0010","0.0113","Bartonella vinsonii"
"bvn","BVwin_00740","K02916","RP-L35, MRPL35, rpmI","large subunit ribosomal protein L35","0.3752","0.5158","Bartonella vinsonii"
"bvn","BVwin_00750","K02887","RP-L20, MRPL20, rplT","large subunit ribosomal protein L20","0.4873","0.5756","Bartonella vinsonii"
"bvn","BVwin_00760","K01889","FARSA, pheS","phenylalanyl-tRNA synthetase alpha chain","0.6601","0.5571","Bartonella vinsonii"
"bvn","BVwin_00770","K01890","FARSB, pheT","phenylalanyl-tRNA synthetase beta chain","0.7119","0.5803","Bartonella vinsonii"
"bvn","BVwin_00780","K11604","sitA","manganese/iron transport system substrate-binding protein","0.0000 ","0.0067","Bartonella vinsonii"
"bvn","BVwin_00790","K11607","sitB","manganese/iron transport system ATP-binding protein","0.0000 ","0.0053","Bartonella vinsonii"
"bvn","BVwin_00800","K11605","sitC","manganese/iron transport system permease protein","0.0000 ","0.0058","Bartonella vinsonii"
"bvn","BVwin_00810","K11606","sitD","manganese/iron transport system permease protein","0.0000 ","0.0058","Bartonella vinsonii"
"bvn","BVwin_00830","K00763","pncB, NAPRT1","nicotinate phosphoribosyltransferase","0.0685","0.2006","Bartonella vinsonii"
"bvn","BVwin_00850","K02945","RP-S1, rpsA","small subunit ribosomal protein S1","0.3635","0.5201","Bartonella vinsonii"
"bvn","BVwin_00860","K00945","cmk","CMP/dCMP kinase","0.8469","0.5663","Bartonella vinsonii"
"bvn","BVwin_00870","K00800","aroA","3-phosphoshikimate 1-carboxyvinyltransferase","0.1299","0.1579","Bartonella vinsonii"
"bvn","BVwin_00890","K01687","ilvD","dihydroxy-acid dehydratase","0.0429","0.0806","Bartonella vinsonii"
"bvn","BVwin_00900","K03555","mutS","DNA mismatch repair protein MutS","0.0046","0.0241","Bartonella vinsonii"
"bvn","BVwin_00910","K00029","E1.1.1.40, maeB","malate dehydrogenase (oxaloacetate-decarboxylating)(NADP+)","0.0137","0.0262","Bartonella vinsonii"
"bvn","BVwin_00920","K03071","secB","preprotein translocase subunit SecB","0.0016","0.2412","Bartonella vinsonii"
"bvn","BVwin_00970","K00821","argD","acetylornithine/N-succinyldiaminopimelate aminotransferase","0.2629","0.0658","Bartonella vinsonii"
"bvn","BVwin_01010","K02195","ccmC","heme exporter protein C","0.0085","0.0090","Bartonella vinsonii"
"bvn","BVwin_01020","K02194","ccmB","heme exporter protein B","0.0021","0.0090","Bartonella vinsonii"
"bvn","BVwin_01030","K02193","ccmA","heme exporter protein A","0.0206","0.0071","Bartonella vinsonii"
"bvn","BVwin_01040","K01681","ACO, acnA","aconitate hydratase","0.1854","0.2183","Bartonella vinsonii"
"bvn","BVwin_01050","K02968","RP-S20, rpsT","small subunit ribosomal protein S20","0.2265","0.4557","Bartonella vinsonii"
"bvn","BVwin_01060","K02313","dnaA","chromosomal replication initiator protein","0.5800","0.2130","Bartonella vinsonii"
"bvn","BVwin_01070","K02338","DPO3B, dnaN","DNA polymerase III subunit beta","0.8789","0.9703","Bartonella vinsonii"
"bvn","BVwin_01080","K03629","recF","DNA replication and repair protein RecF","0.0047","0.0420","Bartonella vinsonii"
"bvn","BVwin_01090","K03786","aroQ, qutE","3-dehydroquinate dehydratase II","0.1693","0.1315","Bartonella vinsonii"
"bvn","BVwin_01100","K02297","cyoA","cytochrome o ubiquinol oxidase subunit II","0.0022","0.0171","Bartonella vinsonii"
"bvn","BVwin_01110","K02298","cyoB","cytochrome o ubiquinol oxidase subunit I","0.0000 ","0.0160","Bartonella vinsonii"
"bvn","BVwin_01120","K02299","cyoC","cytochrome o ubiquinol oxidase subunit III","0.0022","0.0169","Bartonella vinsonii"
"bvn","BVwin_01130","K02300","cyoD","cytochrome o ubiquinol oxidase subunit IV","0.0091","0.0184","Bartonella vinsonii"
"bvn","BVwin_01140","K00057","gpsA","glycerol-3-phosphate dehydrogenase (NAD(P)+)","0.2265","0.0904","Bartonella vinsonii"
"bvn","BVwin_01150","K00208","fabI","enoyl-[acyl-carrier protein] reductase I","0.5376","0.5020","Bartonella vinsonii"
"bvn","BVwin_01160","K00647","fabB","3-oxoacyl-[acyl-carrier-protein] synthase I","0.7777","0.5553","Bartonella vinsonii"
"bvn","BVwin_01170","K01716","fabA","3-hydroxyacyl-[acyl-carrier protein] dehydratase / trans-2-decenoyl-[acyl-carrier protein] isomerase","0.7134","0.6273","Bartonella vinsonii"
"bvn","BVwin_01200","K02970","RP-S21, MRPS21, rpsU","small subunit ribosomal protein S21","0.2105","0.4343","Bartonella vinsonii"
"bvn","BVwin_01210","K01938","fhs","formate--tetrahydrofolate ligase","0.3722","0.4160","Bartonella vinsonii"
"bvn","BVwin_01240","K01810","GPI, pgi","glucose-6-phosphate isomerase","0.3262","0.3873","Bartonella vinsonii"
"bvn","BVwin_01250","K02888","RP-L21, MRPL21, rplU","large subunit ribosomal protein L21","0.3906","0.5424","Bartonella vinsonii"
"bvn","BVwin_01260","K02899","RP-L27, MRPL27, rpmA","large subunit ribosomal protein L27","0.3906","0.5424","Bartonella vinsonii"
"bvn","BVwin_01280","K02768","PTS-Fru-EIIA, fruB","PTS system, fructose-specific IIA component","0.0016","0.0042","Bartonella vinsonii"
"bvn","BVwin_01380","K00931","proB","glutamate 5-kinase","0.0792","0.1238","Bartonella vinsonii"
"bvn","BVwin_01390","K00147","proA","glutamate-5-semialdehyde dehydrogenase","0.0429","0.1070","Bartonella vinsonii"
"bvn","BVwin_01400","K00969","nadD","nicotinate-nucleotide adenylyltransferase","0.4583","0.4141","Bartonella vinsonii"
"bvn","BVwin_01450","K08311","nudH","putative (di)nucleoside polyphosphate hydrolase","0.0058","0.0317","Bartonella vinsonii"
"bvn","BVwin_01490","K01507","ppa","inorganic pyrophosphatase","0.3722","0.1858","Bartonella vinsonii"
"bvn","BVwin_01560","K06041","kdsD, kpsF","arabinose-5-phosphate isomerase","0.3297","0.1914","Bartonella vinsonii"
"bvn","BVwin_01590","K06132","clsC","cardiolipin synthase C","0.0106","0.0916","Bartonella vinsonii"
"bvn","BVwin_01600","K00088","IMPDH, guaB","IMP dehydrogenase","0.3003","0.3932","Bartonella vinsonii"
"bvn","BVwin_01620","K01951","guaA, GMPS","GMP synthase (glutamine-hydrolysing)","0.4583","0.4623","Bartonella vinsonii"
"bvn","BVwin_01630","K01126","E3.1.4.46, glpQ, ugpQ","glycerophosphoryl diester phosphodiesterase","0.0000 ","0.0333","Bartonella vinsonii"
"bvn","BVwin_01650","K05816","ugpC","sn-glycerol 3-phosphate transport system ATP-binding protein","0.0000 ","0.0057","Bartonella vinsonii"
"bvn","BVwin_01660","K05815","ugpE","sn-glycerol 3-phosphate transport system permease protein","0.0000 ","0.0053","Bartonella vinsonii"
"bvn","BVwin_01670","K05814","ugpA","sn-glycerol 3-phosphate transport system permease protein","0.0000 ","0.0056","Bartonella vinsonii"
"bvn","BVwin_01680","K05813","ugpB","sn-glycerol 3-phosphate transport system substrate-binding protein","0.0000 ","0.0053","Bartonella vinsonii"
"bvn","BVwin_01740","K00525","E1.17.4.1A, nrdA, nrdE","ribonucleoside-diphosphate reductase alpha chain","0.7656","0.6595","Bartonella vinsonii"
"bvn","BVwin_01750","K00526","E1.17.4.1B, nrdB, nrdF","ribonucleoside-diphosphate reductase beta chain","0.7656","0.6595","Bartonella vinsonii"
"bvn","BVwin_01790","K03070","secA","preprotein translocase subunit SecA","0.3906","0.4886","Bartonella vinsonii"
"bvn","BVwin_01810","K00620","argJ","glutamate N-acetyltransferase / amino-acid N-acetyltransferase","0.1209","0.0773","Bartonella vinsonii"
"bvn","BVwin_01840","K01255","CARP, pepA","leucyl aminopeptidase","0.0277","0.0512","Bartonella vinsonii"
"bvn","BVwin_01850","K00867","coaA","type I pantothenate kinase","0.5073","0.3107","Bartonella vinsonii"
"bvn","BVwin_01860","K01424","E3.5.1.1, ansA, ansB","L-asparaginase","0.0190","0.1677","Bartonella vinsonii"
"bvn","BVwin_01900","K00962","pnp, PNPT1","polyribonucleotide nucleotidyltransferase","0.0841","0.1783","Bartonella vinsonii"
"bvn","BVwin_01910","K02956","RP-S15, MRPS15, rpsO","small subunit ribosomal protein S15","0.2910","0.4866","Bartonella vinsonii"
"bvn","BVwin_02000","K00789","metK","S-adenosylmethionine synthetase","0.7119","0.5349","Bartonella vinsonii"
"bvn","BVwin_02100","K06187","recR","recombination protein RecR","0.0040","0.0446","Bartonella vinsonii"
"bvn","BVwin_02120","K02343","DPO3G, dnaX","DNA polymerase III subunit gamma/tau","0.9384","0.9971","Bartonella vinsonii"
"bvn","BVwin_02140","K04518","pheA2","prephenate dehydratase","0.1142","0.0816","Bartonella vinsonii"
"bvn","BVwin_02150","K00979","kdsB","3-deoxy-manno-octulosonate cytidylyltransferase (CMP-KDO synthetase)","0.4649","0.2620","Bartonella vinsonii"
"bvn","BVwin_02160","K08738","CYC","cytochrome c","0.0029","0.0053","Bartonella vinsonii"
"bvn","BVwin_02210","K01920","gshB","glutathione synthase","0.0144","0.0293","Bartonella vinsonii"
"bvn","BVwin_02220","K02040","pstS","phosphate transport system substrate-binding protein","0.0099","0.0481","Bartonella vinsonii"
"bvn","BVwin_02230","K02037","pstC","phosphate transport system permease protein","0.0099","0.0317","Bartonella vinsonii"
"bvn","BVwin_02240","K02038","pstA","phosphate transport system permease protein","0.0184","0.0317","Bartonella vinsonii"
"bvn","BVwin_02250","K02036","pstB","phosphate transport system ATP-binding protein","0.0103","0.0272","Bartonella vinsonii"
"bvn","BVwin_02290","K10563","mutM, fpg","formamidopyrimidine-DNA glycosylase","0.0011","0.0071","Bartonella vinsonii"
"bvn","BVwin_02370","K01870","IARS, ileS","isoleucyl-tRNA synthetase","0.7341","0.5753","Bartonella vinsonii"
"bvn","BVwin_02440","K00101","lldD","L-lactate dehydrogenase (cytochrome)","0.0017","0.0122","Bartonella vinsonii"
"bvn","BVwin_02450","K01494","dcd","dCTP deaminase","0.3149","0.2584","Bartonella vinsonii"
"bvn","BVwin_02460","K03572","mutL","DNA mismatch repair protein MutL","0.0103","0.0318","Bartonella vinsonii"
"bvn","BVwin_02480","K00912","lpxK","tetraacyldisaccharide 4-kinase","0.4534","0.2386","Bartonella vinsonii"
"bvn","BVwin_02490","K02527","kdtA, waaA","3-deoxy-D-manno-octulosonic-acid transferase","0.5052","0.2548","Bartonella vinsonii"
"bvn","BVwin_02510","K01092","E3.1.3.25, IMPA, suhB","myo-inositol-1(or 4)-monophosphatase","0.1110","0.1479","Bartonella vinsonii"
"bvn","BVwin_02560","K03205","virD4, lvhD4","type IV secretion system protein VirD4","0.0000 ","0.0001","Bartonella vinsonii"
"bvn","BVwin_02610","K20527","trbB","type IV secretion system protein TrbB","0.0000 ","0.0004","Bartonella vinsonii"
"bvn","BVwin_02620","K20528","trbC","type IV secretion system protein TrbC","0.0000 ","0.0004","Bartonella vinsonii"
"bvn","BVwin_02630","K20529","trbD","type IV secretion system protein TrbD","0.0000 ","0.0004","Bartonella vinsonii"
"bvn","BVwin_02650","K20530","trbE","type IV secretion system protein TrbE","0.0000 ","0.0004","Bartonella vinsonii"
"bvn","BVwin_02660","K20266","trbJ","type IV secretion system protein TrbJ","0.0000 ","0.0004","Bartonella vinsonii"
"bvn","BVwin_02740","K02314","dnaB","replicative DNA helicase","0.6807","0.7836","Bartonella vinsonii"
"bvn","BVwin_02760","K00831","serC, PSAT1","phosphoserine aminotransferase","0.1238","0.1765","Bartonella vinsonii"
"bvn","BVwin_02770","K01939","purA, ADSS","adenylosuccinate synthase","0.1496","0.2426","Bartonella vinsonii"
"bvn","BVwin_02810","K00128","ALDH","aldehyde dehydrogenase (NAD+)","0.0018","0.0086","Bartonella vinsonii"
"bvn","BVwin_02850","K00254","DHODH, pyrD","dihydroorotate dehydrogenase","0.0463","0.1443","Bartonella vinsonii"
"bvn","BVwin_02860","K01915","glnA, GLUL","glutamine synthetase","0.4736","0.4162","Bartonella vinsonii"
"bvn","BVwin_02870","K09471","puuB, ordL","gamma-glutamylputrescine oxidase","0.0000 ","0.0058","Bartonella vinsonii"
"bvn","BVwin_02880","K00036","G6PD, zwf","glucose-6-phosphate 1-dehydrogenase","0.0214","0.0549","Bartonella vinsonii"
"bvn","BVwin_02890","K01057","PGLS, pgl, devB","6-phosphogluconolactonase","0.0160","0.0142","Bartonella vinsonii"
"bvn","BVwin_02910","K01690","edd","phosphogluconate dehydratase","0.0000 ","0.0297","Bartonella vinsonii"
"bvn","BVwin_02920","K01491","folD","methylenetetrahydrofolate dehydrogenase (NADP+) / methenyltetrahydrofolate cyclohydrolase","0.4306","0.4659","Bartonella vinsonii"
"bvn","BVwin_02960","K01919","gshA","glutamate--cysteine ligase","0.0526","0.0617","Bartonella vinsonii"
"bvn","BVwin_03010","K00568","ubiG","2-polyprenyl-6-hydroxyphenyl methylase / 3-demethylubiquinone-9 3-methyltransferase","0.4332","0.1583","Bartonella vinsonii"
"bvn","BVwin_03020","K00928","lysC","aspartate kinase","0.3479","0.4527","Bartonella vinsonii"
"bvn","BVwin_03090","K02108","ATPF0A, atpB","F-type H+-transporting ATPase subunit a","0.3003","0.3956","Bartonella vinsonii"
"bvn","BVwin_03100","K02110","ATPF0C, atpE","F-type H+-transporting ATPase subunit c","0.2416","0.2823","Bartonella vinsonii"
"bvn","BVwin_03110","K02109","ATPF0B, atpF","F-type H+-transporting ATPase subunit b","0.2660","0.3800","Bartonella vinsonii"
"bvn","BVwin_03120","K02109","ATPF0B, atpF","F-type H+-transporting ATPase subunit b","0.2660","0.3800","Bartonella vinsonii"
"bvn","BVwin_03130","K01879","glyS","glycyl-tRNA synthetase beta chain","0.6310","0.4651","Bartonella vinsonii"
"bvn","BVwin_03140","K01878","glyQ","glycyl-tRNA synthetase alpha chain","0.4306","0.3913","Bartonella vinsonii"
"bvn","BVwin_03160","K02523","ispB","octaprenyl-diphosphate synthase","0.3018","0.2081","Bartonella vinsonii"
"bvn","BVwin_03200","K00919","ispE","4-diphosphocytidyl-2-C-methyl-D-erythritol kinase","0.5198","0.4114","Bartonella vinsonii"
"bvn","BVwin_03210","K03470","rnhB","ribonuclease HII","0.0093","0.1015","Bartonella vinsonii"
"bvn","BVwin_03250","K01945","purD","phosphoribosylamine--glycine ligase","0.0268","0.0743","Bartonella vinsonii"
"bvn","BVwin_03260","K03179","ubiA","4-hydroxybenzoate polyprenyltransferase","0.2743","0.0958","Bartonella vinsonii"
"bvn","BVwin_03270","K00275","pdxH, PNPO","pyridoxamine 5-phosphate oxidase","0.1770","0.0889","Bartonella vinsonii"
"bvn","BVwin_03290","K00208","fabI","enoyl-[acyl-carrier protein] reductase I","0.5376","0.5020","Bartonella vinsonii"
"bvn","BVwin_03300","K01736","aroC","chorismate synthase","0.1496","0.1733","Bartonella vinsonii"
"bvn","BVwin_03310","K14652","ribBA","3,4-dihydroxy 2-butanone 4-phosphate synthase / GTP cyclohydrolase II","0.3054","0.3176","Bartonella vinsonii"
"bvn","BVwin_03320","K03602","xseB","exodeoxyribonuclease VII small subunit","0.0190","0.0389","Bartonella vinsonii"
"bvn","BVwin_03330","K01662","dxs","1-deoxy-D-xylulose-5-phosphate synthase","0.6552","0.5909","Bartonella vinsonii"
"bvn","BVwin_03380","K02257","COX10","protoheme IX farnesyltransferase","0.0286","0.0140","Bartonella vinsonii"
"bvn","BVwin_03390","K03527","ispH, lytB","4-hydroxy-3-methylbut-2-en-1-yl diphosphate reductase","0.5261","0.3796","Bartonella vinsonii"
"bvn","BVwin_03400","K02204","thrB2","homoserine kinase type II","0.1369","0.0862","Bartonella vinsonii"
"bvn","BVwin_03410","K03469","rnhA, RNASEH1","ribonuclease HI","0.0206","0.1042","Bartonella vinsonii"
"bvn","BVwin_03460","K01733","thrC","threonine synthase","0.1110","0.1922","Bartonella vinsonii"
"bvn","BVwin_03530","K03575","mutY","A/G-specific adenine glycosylase","0.0000 ","0.0035","Bartonella vinsonii"
"bvn","BVwin_03560","K01006","ppdK","pyruvate, orthophosphate dikinase","0.4471","0.4267","Bartonella vinsonii"
"bvn","BVwin_03660","K01752","E4.3.1.17, sdaA, sdaB, tdcG","L-serine dehydratase","0.1877","0.2699","Bartonella vinsonii"
"bvn","BVwin_03740","K02967","RP-S2, MRPS2, rpsB","small subunit ribosomal protein S2","0.4440","0.5564","Bartonella vinsonii"
"bvn","BVwin_03760","K09903","pyrH","uridylate kinase","0.8789","0.5971","Bartonella vinsonii"
"bvn","BVwin_03780","K00981","E2.7.7.41, CDS1, CDS2, cdsA","phosphatidate cytidylyltransferase","0.8212","0.9472","Bartonella vinsonii"
"bvn","BVwin_03790","K11749","rseP","regulator of sigma E protease","0.0563","0.0923","Bartonella vinsonii"
"bvn","BVwin_03810","K02536","lpxD","UDP-3-O-[3-hydroxymyristoyl] glucosamine N-acyltransferase","0.5366","0.2754","Bartonella vinsonii"
"bvn","BVwin_03820","K02372","fabZ","3-hydroxyacyl-[acyl-carrier-protein] dehydratase","0.5987","0.6766","Bartonella vinsonii"
"bvn","BVwin_03830","K00677","lpxA","UDP-N-acetylglucosamine acyltransferase","0.4842","0.3084","Bartonella vinsonii"
"bvn","BVwin_03850","K00748","lpxB","lipid-A-disaccharide synthase","0.4346","0.2421","Bartonella vinsonii"
"bvn","BVwin_03910","K01647","CS, gltA","citrate synthase","0.2338","0.2171","Bartonella vinsonii"
"bvn","BVwin_03920","K01885","EARS, gltX","glutamyl-tRNA synthetase","0.6626","0.5645","Bartonella vinsonii"
"bvn","BVwin_03940","K01807","rpiA","ribose 5-phosphate isomerase A","0.6496","0.7260","Bartonella vinsonii"
"bvn","BVwin_03960","K00383","GSR, gor","glutathione reductase (NADPH)","0.0125","0.1203","Bartonella vinsonii"
"bvn","BVwin_03970","K01626","E2.5.1.54, aroF, aroG, aroH","3-deoxy-7-phosphoheptulonate synthase","0.0606","0.0964","Bartonella vinsonii"
"bvn","BVwin_03980","K01916","nadE","NAD+ synthase","0.6496","0.4952","Bartonella vinsonii"
"bvn","BVwin_03990","K01885","EARS, gltX","glutamyl-tRNA synthetase","0.6626","0.5645","Bartonella vinsonii"
"bvn","BVwin_04010","K00858","ppnK, NADK","NAD+ kinase","0.5327","0.4578","Bartonella vinsonii"
"bvn","BVwin_04020","K01745","hutH, HAL","histidine ammonia-lyase","0.0137","0.0186","Bartonella vinsonii"
"bvn","BVwin_04070","K05366","mrcA","penicillin-binding protein 1A","0.0544","0.0518","Bartonella vinsonii"
"bvn","BVwin_04150","K04771","degP, htrA","serine protease Do","0.0015","0.0052","Bartonella vinsonii"
"bvn","BVwin_04210","K07716","pleC","two-component system, cell cycle sensor histidine kinase PleC","0.0051","0.0454","Bartonella vinsonii"
"bvn","BVwin_04220","K01256","pepN","aminopeptidase N","0.0298","0.0588","Bartonella vinsonii"
"bvn","BVwin_04230","K21929","udg","uracil-DNA glycosylase","0.0000 ","0.0182","Bartonella vinsonii"
"bvn","BVwin_04240","K00941","thiD","hydroxymethylpyrimidine/phosphomethylpyrimidine kinase","0.1238","0.1645","Bartonella vinsonii"
"bvn","BVwin_04250","K00788","thiE","thiamine-phosphate pyrophosphorylase","0.1443","0.1297","Bartonella vinsonii"
"bvn","BVwin_04260","K03149","thiG","thiazole synthase","0.1086","0.1495","Bartonella vinsonii"
"bvn","BVwin_04270","K03154","thiS","sulfur carrier protein","0.0551","0.0894","Bartonella vinsonii"
"bvn","BVwin_04280","K03153","thiO","glycine oxidase","0.0572","0.0832","Bartonella vinsonii"
"bvn","BVwin_04290","K03147","thiC","phosphomethylpyrimidine synthase","0.0335","0.1146","Bartonella vinsonii"
"bvn","BVwin_04310","K02013","ABC.FEV.A","iron complex transport system ATP-binding protein","0.0399","0.0544","Bartonella vinsonii"
"bvn","BVwin_04320","K02015","ABC.FEV.P","iron complex transport system permease protein","0.0184","0.0354","Bartonella vinsonii"
"bvn","BVwin_04330","K02016","ABC.FEV.S","iron complex transport system substrate-binding protein","0.0044","0.0127","Bartonella vinsonii"
"bvn","BVwin_04380","K01714","dapA","4-hydroxy-tetrahydrodipicolinate synthase","0.4899","0.3442","Bartonella vinsonii"
"bvn","BVwin_04400","K21929","udg","uracil-DNA glycosylase","0.0000 ","0.0182","Bartonella vinsonii"
"bvn","BVwin_04410","K03060","rpoZ","DNA-directed RNA polymerase subunit omega","0.7119","0.8249","Bartonella vinsonii"
"bvn","BVwin_04420","K01139","spoT","GTP diphosphokinase / guanosine-3,5-bis(diphosphate) 3-diphosphatase","0.0609","0.0641","Bartonella vinsonii"
"bvn","BVwin_04430","K00762","pyrE","orotate phosphoribosyltransferase","0.0259","0.1665","Bartonella vinsonii"
"bvn","BVwin_04450","K00997","acpS","holo-[acyl-carrier protein] synthase","0.2267","0.2984","Bartonella vinsonii"
"bvn","BVwin_04460","K03100","lepB, TPP","signal peptidase I","0.3262","0.4509","Bartonella vinsonii"
"bvn","BVwin_04490","K03584","recO","DNA repair protein RecO (recombination protein O)","0.0010","0.0357","Bartonella vinsonii"
"bvn","BVwin_04500","K01918","panC","pantoate--beta-alanine ligase","0.2338","0.2517","Bartonella vinsonii"
"bvn","BVwin_04510","K00606","panB","3-methyl-2-oxobutanoate hydroxymethyltransferase","0.1192","0.2722","Bartonella vinsonii"
"bvn","BVwin_04540","K01465","URA4, pyrC","dihydroorotase","0.0386","0.1747","Bartonella vinsonii"
"bvn","BVwin_04560","K01883","CARS, cysS","cysteinyl-tRNA synthetase","0.6601","0.3696","Bartonella vinsonii"
"bvn","BVwin_04590","K01613","psd, PISD","phosphatidylserine decarboxylase","0.2176","0.1484","Bartonella vinsonii"
"bvn","BVwin_04600","K17103","CHO1, pssA","CDP-diacylglycerol---serine O-phosphatidyltransferase","0.3583","0.2425","Bartonella vinsonii"
"bvn","BVwin_04620","K00764","purF, PPAT","amidophosphoribosyltransferase","0.0184","0.1521","Bartonella vinsonii"
"bvn","BVwin_04650","K02314","dnaB","replicative DNA helicase","0.6807","0.7836","Bartonella vinsonii"
"bvn","BVwin_04660","K02939","RP-L9, MRPL9, rplI","large subunit ribosomal protein L9","0.0090","0.3152","Bartonella vinsonii"
"bvn","BVwin_04680","K02963","RP-S18, MRPS18, rpsR","small subunit ribosomal protein S18","0.4440","0.5564","Bartonella vinsonii"
"bvn","BVwin_04690","K02990","RP-S6, MRPS6, rpsF","small subunit ribosomal protein S6","0.5030","0.5709","Bartonella vinsonii"
"bvn","BVwin_04700","K19302","bcrC","undecaprenyl-diphosphatase","0.0000 ","0.0619","Bartonella vinsonii"
"bvn","BVwin_04710","K00645","fabD","[acyl-carrier-protein] S-malonyltransferase","0.7026","0.4710","Bartonella vinsonii"
"bvn","BVwin_04720","K00059","fabG","3-oxoacyl-[acyl-carrier protein] reductase","0.7026","0.4376","Bartonella vinsonii"
"bvn","BVwin_04730","K02078","acpP","acyl carrier protein","0.4873","0.1020","Bartonella vinsonii"
"bvn","BVwin_04740","K09458","fabF","3-oxoacyl-[acyl-carrier-protein] synthase II","0.7026","0.5553","Bartonella vinsonii"
"bvn","BVwin_04760","K00942","E2.7.4.8, gmk","guanylate kinase","0.8789","0.5063","Bartonella vinsonii"
"bvn","BVwin_04780","K00097","pdxA","4-hydroxythreonine-4-phosphate dehydrogenase","0.2365","0.1560","Bartonella vinsonii"
"bvn","BVwin_04810","K11720","lptG","lipopolysaccharide export system permease protein","0.4649","0.1818","Bartonella vinsonii"
"bvn","BVwin_04820","K07091","lptF","lipopolysaccharide export system permease protein","0.3434","0.1818","Bartonella vinsonii"
"bvn","BVwin_04830","K02339","DPO3C, holC","DNA polymerase III subunit chi","0.7895","0.9144","Bartonella vinsonii"
"bvn","BVwin_04920","K00940","ndk, NME","nucleoside-diphosphate kinase","0.7341","0.8327","Bartonella vinsonii"
"bvn","BVwin_04930","K08744","CRLS","cardiolipin synthase (CMP-forming)","0.0716","0.1601","Bartonella vinsonii"
"bvn","BVwin_04940","K03703","uvrC","excinuclease ABC subunit C","0.0009","0.0153","Bartonella vinsonii"
"bvn","BVwin_04960","K03116","tatA","sec-independent protein translocase protein TatA","0.0206","0.0739","Bartonella vinsonii"
"bvn","BVwin_04980","K03118","tatC","sec-independent protein translocase protein TatC","0.0584","0.1144","Bartonella vinsonii"
"bvn","BVwin_04990","K01875","SARS, serS","seryl-tRNA synthetase","0.6103","0.5347","Bartonella vinsonii"
"bvn","BVwin_05020","K03210","yajC","preprotein translocase subunit YajC","0.1110","0.3272","Bartonella vinsonii"
"bvn","BVwin_05040","K02291","crtB","15-cis-phytoene/all-trans-phytoene synthase","0.0106","0.0028","Bartonella vinsonii"
"bvn","BVwin_05060","K01803","TPI, tpiA","triosephosphate isomerase (TIM)","0.5625","0.7010","Bartonella vinsonii"
"bvn","BVwin_05070","K03075","secG","preprotein translocase subunit SecG","0.0644","0.3115","Bartonella vinsonii"
"bvn","BVwin_05080","K01937","pyrG, CTPS","CTP synthase","0.7895","0.5413","Bartonella vinsonii"
"bvn","BVwin_05090","K01627","kdsA","2-dehydro-3-deoxyphosphooctonate aldolase (KDO 8-P synthase)","0.2898","0.2015","Bartonella vinsonii"
"bvn","BVwin_05100","K01689","ENO, eno","enolase","0.4306","0.5736","Bartonella vinsonii"
"bvn","BVwin_05140","K00161","PDHA, pdhA","pyruvate dehydrogenase E1 component alpha subunit","0.1209","0.0478","Bartonella vinsonii"
"bvn","BVwin_05150","K00162","PDHB, pdhB","pyruvate dehydrogenase E1 component beta subunit","0.0170","0.0372","Bartonella vinsonii"
"bvn","BVwin_05160","K00627","DLAT, aceF, pdhC","pyruvate dehydrogenase E2 component (dihydrolipoamide acetyltransferase)","0.0899","0.1582","Bartonella vinsonii"
"bvn","BVwin_05170","K00382","DLD, lpd, pdhD","dihydrolipoamide dehydrogenase","0.5030","0.4139","Bartonella vinsonii"
"bvn","BVwin_05180","K03644","lipA","lipoyl synthase","0.2427","0.2360","Bartonella vinsonii"
"bvn","BVwin_05200","K03743","pncC","nicotinamide-nucleotide amidase","0.0000 ","0.1524","Bartonella vinsonii"
"bvn","BVwin_05210","K12506","ispDF","2-C-methyl-D-erythritol 4-phosphate cytidylyltransferase / 2-C-methyl-D-erythritol 2,4-cyclodiphosphate synthase","0.6234","0.3906","Bartonella vinsonii"
"bvn","BVwin_05230","K13598","ntrY","two-component system, NtrC family, nitrogen regulation sensor histidine kinase NtrY","0.0000 ","0.0007","Bartonella vinsonii"
"bvn","BVwin_05240","K13599","ntrX","two-component system, NtrC family, nitrogen regulation response regulator NtrX","0.0403","0.0011","Bartonella vinsonii"
"bvn","BVwin_05320","K02434","gatB, PET112","aspartyl-tRNA(Asn)/glutamyl-tRNA(Gln) amidotransferase subunit B","0.5916","0.4150","Bartonella vinsonii"
"bvn","BVwin_05380","K03073","secE","preprotein translocase subunit SecE","0.5987","0.5577","Bartonella vinsonii"
"bvn","BVwin_05400","K02867","RP-L11, MRPL11, rplK","large subunit ribosomal protein L11","0.5327","0.5955","Bartonella vinsonii"
"bvn","BVwin_05410","K02863","RP-L1, MRPL1, rplA","large subunit ribosomal protein L1","0.4306","0.5610","Bartonella vinsonii"
"bvn","BVwin_05420","K02864","RP-L10, MRPL10, rplJ","large subunit ribosomal protein L10","0.5800","0.6162","Bartonella vinsonii"
"bvn","BVwin_05430","K02935","RP-L7, MRPL12, rplL","large subunit ribosomal protein L7/L12","0.6601","0.6651","Bartonella vinsonii"
"bvn","BVwin_05440","K03043","rpoB","DNA-directed RNA polymerase subunit beta","0.9384","0.8359","Bartonella vinsonii"
"bvn","BVwin_05450","K03046","rpoC","DNA-directed RNA polymerase subunit beta","0.9384","0.8387","Bartonella vinsonii"
"bvn","BVwin_05550","K02314","dnaB","replicative DNA helicase","0.6807","0.7836","Bartonella vinsonii"
"bvn","BVwin_05590","K16784","bioM","biotin transport system ATP-binding protein","0.0000 ","0.0143","Bartonella vinsonii"
"bvn","BVwin_05600","K16783","bioN","biotin transport system permease protein","0.0000 ","0.0102","Bartonella vinsonii"
"bvn","BVwin_05610","K03523","bioY","biotin transport system substrate-specific component","0.0035","0.0073","Bartonella vinsonii"
"bvn","BVwin_05640","K06223","dam","DNA adenine methylase","0.0192","0.0218","Bartonella vinsonii"
"bvn","BVwin_05680","K12257","secDF","SecD/SecF fusion protein","0.0631","0.2463","Bartonella vinsonii"
"bvn","BVwin_05730","K01754","E4.3.1.19, ilvA, tdcB","threonine dehydratase","0.2176","0.1963","Bartonella vinsonii"
"bvn","BVwin_05930","K03202","virB7, lvhB7","type IV secretion system protein VirB7","0.0000 ","0.0204","Bartonella vinsonii"
"bvn","BVwin_05940","K03201","virB6, lvhB6","type IV secretion system protein VirB6","0.0000 ","0.0001","Bartonella vinsonii"
"bvn","BVwin_05970","K03199","virB4, lvhB4","type IV secretion system protein VirB4","0.0000 ","0.0001","Bartonella vinsonii"
"bvn","BVwin_05980","K03198","virB3, lvhB3","type IV secretion system protein VirB3","0.0000 ","0.0001","Bartonella vinsonii"
"bvn","BVwin_05990","K03197","virB2, lvhB2","type IV secretion system protein VirB2","0.0000 ","0.0000 ","Bartonella vinsonii"
"bvn","BVwin_06140","K03657","uvrD, pcrA","DNA helicase II / ATP-dependent DNA helicase PcrA","0.0351","0.0917","Bartonella vinsonii"
"bvn","BVwin_06210","K00560","thyA, TYMS","thymidylate synthase","0.7829","0.8126","Bartonella vinsonii"
"bvn","BVwin_06220","K00287","folA","dihydrofolate reductase","0.7829","0.7222","Bartonella vinsonii"
"bvn","BVwin_06250","K04771","degP, htrA","serine protease Do","0.0015","0.0052","Bartonella vinsonii"
"bvn","BVwin_06270","K01652","E2.2.1.6L, ilvB, ilvG, ilvI","acetolactate synthase I/II/III large subunit","0.0184","0.0311","Bartonella vinsonii"
"bvn","BVwin_06310","K03474","pdxJ","pyridoxine 5-phosphate synthase","0.2365","0.1560","Bartonella vinsonii"
"bvn","BVwin_06320","K00053","ilvC","ketol-acid reductoisomerase","0.0563","0.1147","Bartonella vinsonii"
"bvn","BVwin_06380","K11443","divK","two-component system, cell cycle response regulator DivK","0.0179","0.0452","Bartonella vinsonii"
"bvn","BVwin_06390","K02996","RP-S9, MRPS9, rpsI","small subunit ribosomal protein S9","0.5166","0.6003","Bartonella vinsonii"
"bvn","BVwin_06400","K02871","RP-L13, MRPL13, rplM","large subunit ribosomal protein L13","0.7119","0.6883","Bartonella vinsonii"
"bvn","BVwin_06410","K07462","recJ","single-stranded-DNA-specific exonuclease","0.0042","0.0324","Bartonella vinsonii"
"bvn","BVwin_06430","K03801","lipB","lipoyl(octanoyl) transferase","0.3018","0.2428","Bartonella vinsonii"
"bvn","BVwin_06590","K03111","ssb","single-strand DNA-binding protein","0.4028","0.5247","Bartonella vinsonii"
"bvn","BVwin_06610","K03111","ssb","single-strand DNA-binding protein","0.4028","0.5247","Bartonella vinsonii"
"bvn","BVwin_06710","K01961","accC","acetyl-CoA carboxylase, biotin carboxylase subunit","0.6943","0.5149","Bartonella vinsonii"
"bvn","BVwin_06720","K02160","accB, bccP","acetyl-CoA carboxylase biotin carboxyl carrier protein","0.6398","0.6233","Bartonella vinsonii"
"bvn","BVwin_06740","K00111","glpA, glpD","glycerol-3-phosphate dehydrogenase","0.0013","0.0904","Bartonella vinsonii"
"bvn","BVwin_06760","K00768","E2.4.2.21, cobU, cobT","nicotinate-nucleotide--dimethylbenzimidazole phosphoribosyltransferase","0.0000 ","0.0280","Bartonella vinsonii"
"bvn","BVwin_06800","K02913","RP-L33, MRPL33, rpmG","large subunit ribosomal protein L33","0.0687","0.3611","Bartonella vinsonii"
"bvn","BVwin_06810","K12573","rnr, vacB","ribonuclease R","0.0090","0.0479","Bartonella vinsonii"
"bvn","BVwin_06840","K08591","plsY","glycerol-3-phosphate acyltransferase PlsY","0.6496","0.6200","Bartonella vinsonii"
"bvn","BVwin_06850","K01465","URA4, pyrC","dihydroorotase","0.0386","0.1747","Bartonella vinsonii"
"bvn","BVwin_06860","K00609","pyrB, PYR2","aspartate carbamoyltransferase catalytic subunit","0.0526","0.2378","Bartonella vinsonii"
"bvn","BVwin_06890","K02435","gatC, GATC","aspartyl-tRNA(Asn)/glutamyl-tRNA(Gln) amidotransferase subunit C","0.4842","0.3799","Bartonella vinsonii"
"bvn","BVwin_06900","K02433","gatA, QRSL1","aspartyl-tRNA(Asn)/glutamyl-tRNA(Gln) amidotransferase subunit A","0.5916","0.2286","Bartonella vinsonii"
"bvn","BVwin_06910","K01996","livF","branched-chain amino acid transport system ATP-binding protein","0.0000 ","0.0002","Bartonella vinsonii"
"bvn","BVwin_06920","K01995","livG","branched-chain amino acid transport system ATP-binding protein","0.0000 ","0.0002","Bartonella vinsonii"
"bvn","BVwin_06930","K01998","livM","branched-chain amino acid transport system permease protein","0.0000 ","0.0000 ","Bartonella vinsonii"
"bvn","BVwin_06940","K01997","livH","branched-chain amino acid transport system permease protein","0.0000 ","0.0000 ","Bartonella vinsonii"
"bvn","BVwin_06950","K01999","livK","branched-chain amino acid transport system substrate-binding protein","0.0000 ","0.0005","Bartonella vinsonii"
"bvn","BVwin_07030","K01776","murI","glutamate racemase","0.3599","0.4250","Bartonella vinsonii"
"bvn","BVwin_07040","K02986","RP-S4, rpsD","small subunit ribosomal protein S4","0.7119","0.6883","Bartonella vinsonii"
"bvn","BVwin_07500","K06223","dam","DNA adenine methylase","0.0192","0.0218","Bartonella vinsonii"
"bvn","BVwin_07520","K07258","dacC, dacA, dacD","serine-type D-Ala-D-Ala carboxypeptidase (penicillin-binding protein 5/6)","0.0012","0.0145","Bartonella vinsonii"
"bvn","BVwin_07530","K00943","tmk, DTYMK","dTMP kinase","0.7026","0.4891","Bartonella vinsonii"
"bvn","BVwin_07540","K02341","DPO3D2, holB","DNA polymerase III subunit delta","0.9384","0.9971","Bartonella vinsonii"
"bvn","BVwin_07550","K01874","MARS, metG","methionyl-tRNA synthetase","0.3906","0.3932","Bartonella vinsonii"
"bvn","BVwin_07570","K06167","phnP","phosphoribosyl 1,2-cyclic phosphate phosphodiesterase","0.0000 ","0.0002","Bartonella vinsonii"
"bvn","BVwin_07600","K01004","pcs","phosphatidylcholine synthase","0.0000 ","0.1074","Bartonella vinsonii"
"bvn","BVwin_07610","K03185","ubiH","2-octaprenyl-6-methoxyphenol hydroxylase","0.4117","0.0775","Bartonella vinsonii"
"bvn","BVwin_07650","K11717","sufS","cysteine desulfurase / selenocysteine lyase","0.2588","0.0692","Bartonella vinsonii"
"bvn","BVwin_07690","K04487","iscS, NFS1","cysteine desulfurase","0.4010","0.3030","Bartonella vinsonii"
"bvn","BVwin_07710","K01866","YARS, tyrS","tyrosyl-tRNA synthetase","0.6601","0.5571","Bartonella vinsonii"
"bvn","BVwin_07740","K05366","mrcA","penicillin-binding protein 1A","0.0544","0.0518","Bartonella vinsonii"
"bvn","BVwin_07750","K01448","E3.5.1.28B, amiA, amiB, amiC","N-acetylmuramoyl-L-alanine amidase","0.0606","0.0578","Bartonella vinsonii"
"bvn","BVwin_07760","K08300","rne","ribonuclease E","0.0750","0.0549","Bartonella vinsonii"
"bvn","BVwin_07790","K03723","mfd","transcription-repair coupling factor (superfamily II helicase)","0.0010","0.0189","Bartonella vinsonii"
"bvn","BVwin_07810","K09810","lolD","lipoprotein-releasing system ATP-binding protein","0.3618","0.0231","Bartonella vinsonii"
"bvn","BVwin_07820","K09808","lolC_E","lipoprotein-releasing system permease protein","0.4739","0.1800","Bartonella vinsonii"
"bvn","BVwin_07830","K01881","PARS, proS","prolyl-tRNA synthetase","0.6601","0.5571","Bartonella vinsonii"
"bvn","BVwin_07840","K12574","rnj","ribonuclease J","0.1142","0.0776","Bartonella vinsonii"
"bvn","BVwin_07850","K03524","birA","BirA family transcriptional regulator, biotin operon repressor / biotin-[acetyl-CoA-carboxylase] ligase","0.5498","0.3672","Bartonella vinsonii"
"bvn","BVwin_07860","K00343","nuoN","NADH-quinone oxidoreductase subunit N","0.0936","0.0437","Bartonella vinsonii"
"bvn","BVwin_07870","K00342","nuoM","NADH-quinone oxidoreductase subunit M","0.1462","0.0896","Bartonella vinsonii"
"bvn","BVwin_07880","K00341","nuoL","NADH-quinone oxidoreductase subunit L","0.1184","0.0299","Bartonella vinsonii"
"bvn","BVwin_07890","K00340","nuoK","NADH-quinone oxidoreductase subunit K","0.1184","0.0483","Bartonella vinsonii"
"bvn","BVwin_07900","K00339","nuoJ","NADH-quinone oxidoreductase subunit J","0.1184","0.0483","Bartonella vinsonii"
"bvn","BVwin_07910","K00338","nuoI","NADH-quinone oxidoreductase subunit I","0.1462","0.0307","Bartonella vinsonii"
"bvn","BVwin_07920","K00337","nuoH","NADH-quinone oxidoreductase subunit H","0.0936","0.0437","Bartonella vinsonii"
"bvn","BVwin_07930","K00336","nuoG","NADH-quinone oxidoreductase subunit G","0.1241","0.0469","Bartonella vinsonii"
"bvn","BVwin_07940","K00335","nuoF","NADH-quinone oxidoreductase subunit F","0.0980","0.0425","Bartonella vinsonii"
"bvn","BVwin_07950","K00334","nuoE","NADH-quinone oxidoreductase subunit E","0.0980","0.0425","Bartonella vinsonii"
"bvn","BVwin_07960","K00333","nuoD","NADH-quinone oxidoreductase subunit D","0.1207","0.0319","Bartonella vinsonii"
"bvn","BVwin_07970","K00332","nuoC","NADH-quinone oxidoreductase subunit C","0.0887","0.0288","Bartonella vinsonii"
"bvn","BVwin_07980","K00331","nuoB","NADH-quinone oxidoreductase subunit B","0.0936","0.0437","Bartonella vinsonii"
"bvn","BVwin_07990","K00330","nuoA","NADH-quinone oxidoreductase subunit A","0.0526","0.0355","Bartonella vinsonii"
"bvn","BVwin_08020","K01495","GCH1, folE","GTP cyclohydrolase I","0.4010","0.3596","Bartonella vinsonii"
"bvn","BVwin_08050","K01868","TARS, thrS","threonyl-tRNA synthetase","0.6103","0.5347","Bartonella vinsonii"
"bvn","BVwin_08080","K00648","fabH","3-oxoacyl-[acyl-carrier-protein] synthase III","0.7190","0.3716","Bartonella vinsonii"
"bvn","BVwin_08090","K03621","plsX","glycerol-3-phosphate acyltransferase PlsX","0.7026","0.6424","Bartonella vinsonii"
"bvn","BVwin_08130","K00794","ribH, RIB4","6,7-dimethyl-8-ribityllumazine synthase","0.2177","0.2963","Bartonella vinsonii"
"bvn","BVwin_08140","K00793","ribE, RIB5","riboflavin synthase","0.2177","0.2963","Bartonella vinsonii"
"bvn","BVwin_08150","K11752","ribD","diaminohydroxyphosphoribosylaminopyrimidine deaminase / 5-amino-6-(5-phosphoribosylamino)uracil reductase","0.1944","0.2829","Bartonella vinsonii"
"bvn","BVwin_08170","K00600","glyA, SHMT","glycine hydroxymethyltransferase","0.3164","0.4597","Bartonella vinsonii"
"bvn","BVwin_08180","K00145","argC","N-acetyl-gamma-glutamyl-phosphate reductase","0.0463","0.0630","Bartonella vinsonii"
"bvn","BVwin_08190","K02259","COX15","cytochrome c oxidase assembly protein subunit 15","0.0192","0.0252","Bartonella vinsonii"
"bvn","BVwin_08220","K03666","hfq","host factor-I protein","0.0234","0.0506","Bartonella vinsonii"
"bvn","BVwin_08240","K00029","E1.1.1.40, maeB","malate dehydrogenase (oxaloacetate-decarboxylating)(NADP+)","0.0137","0.0262","Bartonella vinsonii"
"bvn","BVwin_08260","K09458","fabF","3-oxoacyl-[acyl-carrier-protein] synthase II","0.7026","0.5553","Bartonella vinsonii"
"bvn","BVwin_08270","K09458","fabF","3-oxoacyl-[acyl-carrier-protein] synthase II","0.7026","0.5553","Bartonella vinsonii"
"bvn","BVwin_08290","K02517","lpxL, htrB","Kdo2-lipid IVA lauroyltransferase","0.1623","0.0916","Bartonella vinsonii"
"bvn","BVwin_08320","K06223","dam","DNA adenine methylase","0.0192","0.0218","Bartonella vinsonii"
"bvn","BVwin_08390","K01048","pldB","lysophospholipase","0.0022","0.0366","Bartonella vinsonii"
"bvn","BVwin_08400","K13589","cpdR","two-component system, cell cycle response regulator CpdR","0.0000 ","0.0452","Bartonella vinsonii"
"bvn","BVwin_08440","K01933","purM","phosphoribosylformylglycinamidine cyclo-ligase","0.0526","0.0937","Bartonella vinsonii"
"bvn","BVwin_08450","K11175","purN","phosphoribosylglycinamide formyltransferase 1","0.3479","0.4101","Bartonella vinsonii"
"bvn","BVwin_08460","K13587","cckA","two-component system, cell cycle sensor histidine kinase and response regulator CckA","0.0716","0.0478","Bartonella vinsonii"
"bvn","BVwin_08490","K13786","cobR","cob(II)yrinic acid a,c-diamide reductase","0.0000 ","0.0286","Bartonella vinsonii"
"bvn","BVwin_08500","K01783","rpe, RPE","ribulose-phosphate 3-epimerase","0.3164","0.3150","Bartonella vinsonii"
"bvn","BVwin_08510","K01756","purB, ADSL","adenylosuccinate lyase","0.2660","0.2990","Bartonella vinsonii"
"bvn","BVwin_08530","K01923","purC","phosphoribosylaminoimidazole-succinocarboxamide synthase","0.0544","0.0920","Bartonella vinsonii"
"bvn","BVwin_08540","K01952","purL, PFAS","phosphoribosylformylglycinamidine synthase","0.0386","0.0838","Bartonella vinsonii"
"bvn","BVwin_08550","K01952","purL, PFAS","phosphoribosylformylglycinamidine synthase","0.0386","0.0838","Bartonella vinsonii"
"bvn","BVwin_08560","K01952","purL, PFAS","phosphoribosylformylglycinamidine synthase","0.0386","0.0838","Bartonella vinsonii"
"bvn","BVwin_08610","K01876","DARS, aspS","aspartyl-tRNA synthetase","0.6601","0.5571","Bartonella vinsonii"
"bvn","BVwin_08630","K01524","ppx-gppA","exopolyphosphatase / guanosine-5-triphosphate,3-diphosphate pyrophosphatase","0.0111","0.0535","Bartonella vinsonii"
"bvn","BVwin_08640","K00937","ppk","polyphosphate kinase","0.0000 ","0.0000 ","Bartonella vinsonii"
"bvn","BVwin_08660","K00480","E1.14.13.1","salicylate hydroxylase","0.0157","0.0354","Bartonella vinsonii"
"bvn","BVwin_08670","K02337","DPO3A1, dnaE","DNA polymerase III subunit alpha","0.9384","0.7471","Bartonella vinsonii"
"bvn","BVwin_08680","K03655","recG","ATP-dependent DNA helicase RecG","0.0000 ","0.0283","Bartonella vinsonii"
"bvn","BVwin_08690","K00820","glmS, GFPT","glucosamine--fructose-6-phosphate aminotransferase (isomerizing)","0.6712","0.7161","Bartonella vinsonii"
"bvn","BVwin_08700","K04042","glmU","bifunctional UDP-N-acetylglucosamine pyrophosphorylase / Glucosamine-1-phosphate N-acetyltransferase","0.5073","0.2081","Bartonella vinsonii"
"bvn","BVwin_08740","K01129","dgt","dGTPase","0.0000 ","0.0331","Bartonella vinsonii"
"bvn","BVwin_08750","K01887","RARS, argS","arginyl-tRNA synthetase","0.5800","0.5082","Bartonella vinsonii"
"bvn","BVwin_08780","K00826","E2.6.1.42, ilvE","branched-chain amino acid aminotransferase","0.0166","0.0653","Bartonella vinsonii"
"bvn","BVwin_08790","K11532","glpX-SEBP","fructose-1,6-bisphosphatase II / sedoheptulose-1,7-bisphosphatase","0.5462","0.5094","Bartonella vinsonii"
"bvn","BVwin_08800","K00003","E1.1.1.3","homoserine dehydrogenase","0.1029","0.1079","Bartonella vinsonii"
"bvn","BVwin_08810","K00031","IDH1, IDH2, icd","isocitrate dehydrogenase","0.1443","0.2055","Bartonella vinsonii"
"bvn","BVwin_08870","K00954","E2.7.7.3A, coaD, kdtB","pantetheine-phosphate adenylyltransferase","0.5327","0.4431","Bartonella vinsonii"
"bvn","BVwin_08890","K03111","ssb","single-strand DNA-binding protein","0.4028","0.5247","Bartonella vinsonii"
"bvn","BVwin_08900","K03701","uvrA","excinuclease ABC subunit A","0.0009","0.0194","Bartonella vinsonii"
"bvn","BVwin_08910","K04751","glnB","nitrogen regulatory protein P-II 1","0.0152","0.0102","Bartonella vinsonii"
"bvn","BVwin_08920","K01915","glnA, GLUL","glutamine synthetase","0.4736","0.4162","Bartonella vinsonii"
"bvn","BVwin_08970","K01872","AARS, alaS","alanyl-tRNA synthetase","0.6601","0.5571","Bartonella vinsonii"
"bvn","BVwin_08980","K03553","recA","recombination protein RecA","0.0156","0.0636","Bartonella vinsonii"
"bvn","BVwin_09010","K02879","RP-L17, MRPL17, rplQ","large subunit ribosomal protein L17","0.4726","0.5803","Bartonella vinsonii"
"bvn","BVwin_09020","K03040","rpoA","DNA-directed RNA polymerase subunit alpha","0.9384","0.8488","Bartonella vinsonii"
"bvn","BVwin_09030","K02948","RP-S11, MRPS11, rpsK","small subunit ribosomal protein S11","0.7119","0.6883","Bartonella vinsonii"
"bvn","BVwin_09040","K02952","RP-S13, rpsM","small subunit ribosomal protein S13","0.6103","0.6427","Bartonella vinsonii"
"bvn","BVwin_09050","K00939","adk, AK","adenylate kinase","0.8789","0.7609","Bartonella vinsonii"
"bvn","BVwin_09060","K03076","secY","preprotein translocase subunit SecY","0.6601","0.6114","Bartonella vinsonii"
"bvn","BVwin_09070","K02876","RP-L15, MRPL15, rplO","large subunit ribosomal protein L15","0.5625","0.6211","Bartonella vinsonii"
"bvn","BVwin_09080","K02907","RP-L30, MRPL30, rpmD","large subunit ribosomal protein L30","0.3727","0.4868","Bartonella vinsonii"
"bvn","BVwin_09090","K02988","RP-S5, MRPS5, rpsE","small subunit ribosomal protein S5","0.7119","0.6883","Bartonella vinsonii"
"bvn","BVwin_09100","K02881","RP-L18, MRPL18, rplR","large subunit ribosomal protein L18","0.5625","0.6211","Bartonella vinsonii"
"bvn","BVwin_09110","K02933","RP-L6, MRPL6, rplF","large subunit ribosomal protein L6","0.7656","0.7124","Bartonella vinsonii"
"bvn","BVwin_09120","K02994","RP-S8, rpsH","small subunit ribosomal protein S8","0.6293","0.6378","Bartonella vinsonii"
"bvn","BVwin_09130","K02954","RP-S14, MRPS14, rpsN","small subunit ribosomal protein S14","0.5625","0.6211","Bartonella vinsonii"
"bvn","BVwin_09140","K02931","RP-L5, MRPL5, rplE","large subunit ribosomal protein L5","0.7119","0.6883","Bartonella vinsonii"
"bvn","BVwin_09150","K02895","RP-L24, MRPL24, rplX","large subunit ribosomal protein L24","0.5800","0.6162","Bartonella vinsonii"
"bvn","BVwin_09160","K02874","RP-L14, MRPL14, rplN","large subunit ribosomal protein L14","0.5166","0.6003","Bartonella vinsonii"
"bvn","BVwin_09170","K02961","RP-S17, MRPS17, rpsQ","small subunit ribosomal protein S17","0.4873","0.5756","Bartonella vinsonii"
"bvn","BVwin_09180","K02904","RP-L29, rpmC","large subunit ribosomal protein L29","0.4873","0.5756","Bartonella vinsonii"
"bvn","BVwin_09190","K02878","RP-L16, MRPL16, rplP","large subunit ribosomal protein L16","0.7119","0.6883","Bartonella vinsonii"
"bvn","BVwin_09200","K02982","RP-S3, rpsC","small subunit ribosomal protein S3","0.7119","0.6883","Bartonella vinsonii"
"bvn","BVwin_09210","K02890","RP-L22, MRPL22, rplV","large subunit ribosomal protein L22","0.4873","0.5756","Bartonella vinsonii"
"bvn","BVwin_09220","K02965","RP-S19, rpsS","small subunit ribosomal protein S19","0.4873","0.5756","Bartonella vinsonii"
"bvn","BVwin_09230","K02886","RP-L2, MRPL2, rplB","large subunit ribosomal protein L2","0.7119","0.6883","Bartonella vinsonii"
"bvn","BVwin_09240","K02892","RP-L23, MRPL23, rplW","large subunit ribosomal protein L23","0.5987","0.6114","Bartonella vinsonii"
"bvn","BVwin_09250","K02926","RP-L4, MRPL4, rplD","large subunit ribosomal protein L4","0.6807","0.6601","Bartonella vinsonii"
"bvn","BVwin_09260","K02906","RP-L3, MRPL3, rplC","large subunit ribosomal protein L3","0.7341","0.6833","Bartonella vinsonii"
"bvn","BVwin_09270","K02946","RP-S10, MRPS10, rpsJ","small subunit ribosomal protein S10","0.4873","0.5756","Bartonella vinsonii"
"bvn","BVwin_09300","K02992","RP-S7, MRPS7, rpsG","small subunit ribosomal protein S7","0.7119","0.6883","Bartonella vinsonii"
"bvn","BVwin_09310","K02950","RP-S12, MRPS12, rpsL","small subunit ribosomal protein S12","0.5625","0.6211","Bartonella vinsonii"
"bvn","BVwin_09320","K01142","E3.1.11.2, xthA","exodeoxyribonuclease III","0.0010","0.0110","Bartonella vinsonii"
"bvn","BVwin_09330","K10001","gltI, aatJ","glutamate/aspartate transport system substrate-binding protein","0.0000 ","0.0007","Bartonella vinsonii"
"bvn","BVwin_09340","K10003","gltJ, aatQ","glutamate/aspartate transport system permease protein","0.0000 ","0.0006","Bartonella vinsonii"
"bvn","BVwin_09350","K10002","gltK, aatM","glutamate/aspartate transport system permease protein","0.0000 ","0.0006","Bartonella vinsonii"
"bvn","BVwin_09360","K10004","gltL, aatP","glutamate/aspartate transport system ATP-binding protein","0.0000 ","0.0000 ","Bartonella vinsonii"
"bvn","BVwin_09380","K01873","VARS, valS","valyl-tRNA synthetase","0.6601","0.5571","Bartonella vinsonii"
"bvn","BVwin_09400","K12340","tolC","outer membrane protein","0.0000 ","3.47E-","Bartonella vinsonii"
"bvn","BVwin_09520","K01972","E6.5.1.2, ligA, ligB","DNA ligase (NAD+)","0.7656","0.6583","Bartonella vinsonii"
"bvn","BVwin_09550","K02535","lpxC","UDP-3-O-[3-hydroxymyristoyl] N-acetylglucosamine deacetylase","0.4346","0.2421","Bartonella vinsonii"
"bvn","BVwin_09590","K01921","ddl","D-alanine-D-alanine ligase","0.5987","0.5198","Bartonella vinsonii"
"bvn","BVwin_09600","K00075","murB","UDP-N-acetylmuramate dehydrogenase","0.7026","0.7608","Bartonella vinsonii"
"bvn","BVwin_09610","K01924","murC","UDP-N-acetylmuramate--alanine ligase","0.8149","0.6201","Bartonella vinsonii"
"bvn","BVwin_09620","K02563","murG","UDP-N-acetylglucosamine--N-acetylmuramyl-(pentapeptide) pyrophosphoryl-undecaprenol N-acetylglucosamine transferase","0.7026","0.5912","Bartonella vinsonii"
"bvn","BVwin_09640","K01925","murD","UDP-N-acetylmuramoylalanine--D-glutamate ligase","0.5987","0.7314","Bartonella vinsonii"
"bvn","BVwin_09650","K01000","mraY","phospho-N-acetylmuramoyl-pentapeptide-transferase","0.6496","0.5029","Bartonella vinsonii"
"bvn","BVwin_09660","K01929","murF","UDP-N-acetylmuramoyl-tripeptide--D-alanyl-D-alanine ligase","0.7026","0.7733","Bartonella vinsonii"
"bvn","BVwin_09670","K01928","murE","UDP-N-acetylmuramoyl-L-alanyl-D-glutamate--2,6-diaminopimelate ligase","0.5681","0.4831","Bartonella vinsonii"
"bvn","BVwin_09680","K03587","ftsI","cell division protein FtsI (penicillin-binding protein 3)","0.4471","0.0687","Bartonella vinsonii"
"bvn","BVwin_09760","K08281","pncA","nicotinamidase/pyrazinamidase","0.0000 ","0.1532","Bartonella vinsonii"
"bvn","BVwin_09860","K02316","dnaG","DNA primase","0.3877","0.2987","Bartonella vinsonii"
"bvn","BVwin_09900","K03181","ubiC","chorismate--pyruvate lyase","0.0342","0.0632","Bartonella vinsonii"
"bvn","BVwin_09910","K01956","carA, CPA1","carbamoyl-phosphate synthase small subunit","0.4583","0.4389","Bartonella vinsonii"
"bvn","BVwin_09940","K01955","carB, CPA2","carbamoyl-phosphate synthase large subunit","0.4583","0.4389","Bartonella vinsonii"
"bvn","BVwin_09960","K00812","aspB","aspartate aminotransferase","0.2316","0.1300","Bartonella vinsonii"
"bvn","BVwin_09980","K00384","trxB","thioredoxin reductase (NADPH)","0.1650","0.2275","Bartonella vinsonii"
"bvn","BVwin_10030","K03702","uvrB","excinuclease ABC subunit B","0.0041","0.0270","Bartonella vinsonii"
"bvn","BVwin_10060","K07659","ompR","two-component system, OmpR family, phosphate regulon response regulator OmpR","0.0680","0.0028","Bartonella vinsonii"
"bvn","BVwin_10070","K07638","envZ","two-component system, OmpR family, osmolarity sensor histidine kinase EnvZ","0.0075","0.0013","Bartonella vinsonii"
"bvn","BVwin_10130","K00948","PRPS, prsA","ribose-phosphate pyrophosphokinase","0.7656","0.8943","Bartonella vinsonii"
"bvn","BVwin_10150","K02897","RP-L25, rplY","large subunit ribosomal protein L25","0.0966","0.3652","Bartonella vinsonii"
"bvn","BVwin_10200","K00413","CYC1, CYT1, petC","ubiquinol-cytochrome c reductase cytochrome c1 subunit","0.0098","0.0089","Bartonella vinsonii"
"bvn","BVwin_10220","K00411","UQCRFS1, RIP1, petA","ubiquinol-cytochrome c reductase iron-sulfur subunit","0.0000 ","0.0025","Bartonella vinsonii"
"bvn","BVwin_10240","K00970","pcnB","poly(A) polymerase","0.0234","0.1016","Bartonella vinsonii"
"bvn","BVwin_10320","K00566","mnmA, trmU","tRNA-uridine 2-sulfurtransferase","0.5166","0.3627","Bartonella vinsonii"
"bvn","BVwin_10350","K13584","ctrA","two-component system, cell cycle response regulator CtrA","0.0716","0.0469","Bartonella vinsonii"
"bvn","BVwin_10360","K13588","chpT","histidine phosphotransferase ChpT","0.0716","0.0457","Bartonella vinsonii"
"bvn","BVwin_10410","K06223","dam","DNA adenine methylase","0.0192","0.0218","Bartonella vinsonii"
"bvn","BVwin_10440","K02032","ABC.PE.A1","peptide/nickel transport system ATP-binding protein","0.0000 ","0.0004","Bartonella vinsonii"
"bvn","BVwin_10450","K02031","ABC.PE.A","peptide/nickel transport system ATP-binding protein","0.0000 ","0.0004","Bartonella vinsonii"
"bvn","BVwin_10460","K02034","ABC.PE.P1","peptide/nickel transport system permease protein","0.0075","0.0026","Bartonella vinsonii"
"bvn","BVwin_10470","K02033","ABC.PE.P","peptide/nickel transport system permease protein","0.0016","0.0026","Bartonella vinsonii"
"bvn","BVwin_10480","K02035","ABC.PE.S","peptide/nickel transport system substrate-binding protein","0.0016","0.0015","Bartonella vinsonii"
"bvn","BVwin_10490","K02035","ABC.PE.S","peptide/nickel transport system substrate-binding protein","0.0016","0.0015","Bartonella vinsonii"
"bvn","BVwin_10500","K01246","tag","DNA-3-methyladenine glycosylase I","0.0012","0.0100","Bartonella vinsonii"
"bvn","BVwin_10510","K03601","xseA","exodeoxyribonuclease VII large subunit","0.0000 ","0.0099","Bartonella vinsonii"
"bvn","BVwin_10520","K02035","ABC.PE.S","peptide/nickel transport system substrate-binding protein","0.0016","0.0015","Bartonella vinsonii"
"bvn","BVwin_10600","K00286","proC","pyrroline-5-carboxylate reductase","0.0526","0.0624","Bartonella vinsonii"
"bvn","BVwin_10660","K03217","yidC, spoIIIJ, OXA1, ccfA","YidC/Oxa1 family membrane protein insertase","0.5327","0.5418","Bartonella vinsonii"
"bvn","BVwin_10680","K00799","GST, gst","glutathione S-transferase","0.0402","0.0384","Bartonella vinsonii"
"bvn","BVwin_10690","K00215","dapB","4-hydroxy-tetrahydrodipicolinate reductase","0.5376","0.5651","Bartonella vinsonii"
"bvn","BVwin_10700","K01834","PGAM, gpmA","2,3-bisphosphoglycerate-dependent phosphoglycerate mutase","0.4443","0.4971","Bartonella vinsonii"
"bvn","BVwin_10880","K03111","ssb","single-strand DNA-binding protein","0.4028","0.5247","Bartonella vinsonii"
"bvn","BVwin_11570","K09823","zur","Fur family transcriptional regulator, zinc uptake regulator","0.0000 ","0.0160","Bartonella vinsonii"
"bvn","BVwin_11610","K01581","E4.1.1.17, ODC1, speC, speF","ornithine decarboxylase","0.0366","0.0268","Bartonella vinsonii"
"bvn","BVwin_11660","K01775","alr","alanine racemase","0.3752","0.4780","Bartonella vinsonii"
"bvn","BVwin_11670","K00281","GLDC, gcvP","glycine dehydrogenase","0.5052","0.3271","Bartonella vinsonii"
"bvn","BVwin_11680","K02437","gcvH, GCSH","glycine cleavage system H protein","0.4306","0.3273","Bartonella vinsonii"
"bvn","BVwin_11690","K00605","gcvT, AMT","aminomethyltransferase","0.5261","0.3955","Bartonella vinsonii"
"bvn","BVwin_11730","K00133","asd","aspartate-semialdehyde dehydrogenase","0.4295","0.3677","Bartonella vinsonii"
"bvn","BVwin_11750","K02073","metQ","D-methionine transport system substrate-binding protein","0.0000 ","0.0053","Bartonella vinsonii"
"bvn","BVwin_11760","K02071","metN","D-methionine transport system ATP-binding protein","0.0000 ","0.0053","Bartonella vinsonii"
"bvn","BVwin_11770","K02072","metI","D-methionine transport system permease protein","0.0000 ","0.0053","Bartonella vinsonii"
"bvn","BVwin_11810","K01470","E3.5.2.10","creatinine amidohydrolase","0.0206","0.0067","Bartonella vinsonii"
"bvn","BVwin_11900","K02016","ABC.FEV.S","iron complex transport system substrate-binding protein","0.0044","0.0127","Bartonella vinsonii"
"bvn","BVwin_11910","K02015","ABC.FEV.P","iron complex transport system permease protein","0.0184","0.0354","Bartonella vinsonii"
"bvn","BVwin_11920","K02015","ABC.FEV.P","iron complex transport system permease protein","0.0184","0.0354","Bartonella vinsonii"
"bvn","BVwin_11930","K02013","ABC.FEV.A","iron complex transport system ATP-binding protein","0.0399","0.0544","Bartonella vinsonii"
"bvn","BVwin_12130","K11753","ribF","riboflavin kinase / FMN adenylyltransferase","0.6293","0.5031","Bartonella vinsonii"
"bvn","BVwin_12160","K03197","virB2, lvhB2","type IV secretion system protein VirB2","0.0000 ","0.0000 ","Bartonella vinsonii"
"bvn","BVwin_12170","K03198","virB3, lvhB3","type IV secretion system protein VirB3","0.0000 ","0.0001","Bartonella vinsonii"
"bvn","BVwin_12180","K03199","virB4, lvhB4","type IV secretion system protein VirB4","0.0000 ","0.0001","Bartonella vinsonii"
"bvn","BVwin_12200","K03201","virB6, lvhB6","type IV secretion system protein VirB6","0.0000 ","0.0001","Bartonella vinsonii"
"bvn","BVwin_12220","K03203","virB8, lvhB8","type IV secretion system protein VirB8","0.0000 ","0.0001","Bartonella vinsonii"
"bvn","BVwin_12230","K03204","virB9, lvhB9","type IV secretion system protein VirB9","0.0000 ","0.0001","Bartonella vinsonii"
"bvn","BVwin_12240","K03195","virB10, lvhB10","type IV secretion system protein VirB10","0.0000 ","0.0001","Bartonella vinsonii"
"bvn","BVwin_12250","K03196","virB11, lvhB11","type IV secretion system protein VirB11","0.0000 ","0.0012","Bartonella vinsonii"
"bvn","BVwin_12290","K03205","virD4, lvhD4","type IV secretion system protein VirD4","0.0000 ","0.0001","Bartonella vinsonii"
"bvn","BVwin_12380","K01867","WARS, trpS","tryptophanyl-tRNA synthetase","0.5166","0.4923","Bartonella vinsonii"
"bvn","BVwin_12420","K04077","groEL, HSPD1","chaperonin GroEL","0.4440","0.5638","Bartonella vinsonii"
"bvn","BVwin_12440","K01679","E4.2.1.2B, fumC","fumarate hydratase, class II","0.1043","0.1495","Bartonella vinsonii"
"bvn","BVwin_12450","K01835","pgm","phosphoglucomutase","0.0858","0.1247","Bartonella vinsonii"
"bvn","BVwin_12470","K01892","HARS, hisS","histidyl-tRNA synthetase","0.6103","0.5347","Bartonella vinsonii"
"bvn","BVwin_12480","K01591","pyrF","orotidine-5-phosphate decarboxylase","0.0665","0.1970","Bartonella vinsonii"
"bvn","BVwin_12830","K01588","purE","5-(carboxyamino)imidazole ribonucleotide mutase","0.0526","0.0937","Bartonella vinsonii"
"bvn","BVwin_12850","K01589","purK","5-(carboxyamino)imidazole ribonucleotide synthase","0.0429","0.0792","Bartonella vinsonii"
"bvn","BVwin_12860","K02919","RP-L36, MRPL36, rpmJ","large subunit ribosomal protein L36","0.1815","0.4208","Bartonella vinsonii"
"bvn","BVwin_12880","K01934","MTHFS","5-formyltetrahydrofolate cyclo-ligase","0.0190","0.1716","Bartonella vinsonii"
"bvn","BVwin_12910","K00790","murA","UDP-N-acetylglucosamine 1-carboxyvinyltransferase","0.6496","0.7385","Bartonella vinsonii"
"bvn","BVwin_13230","K01520","dut, DUT","dUTP pyrophosphatase","0.3727","0.3207","Bartonella vinsonii"
"bvn","BVwin_13280","K03431","glmM","phosphoglucosamine mutase","0.6398","0.1673","Bartonella vinsonii"
"bvn","BVwin_13400","K03551","ruvB","holliday junction DNA helicase RuvB","0.0625","0.1054","Bartonella vinsonii"
"bvn","BVwin_13410","K03550","ruvA","holliday junction DNA helicase RuvA","0.0362","0.0821","Bartonella vinsonii"
"bvn","BVwin_13420","K01159","ruvC","crossover junction endodeoxyribonuclease RuvC","0.0198","0.0563","Bartonella vinsonii"
"bvn","BVwin_13460","K00788","thiE","thiamine-phosphate pyrophosphorylase","0.1443","0.1297","Bartonella vinsonii"
"bvn","BVwin_13530","K20267","trbH","type IV secretion system protein TrbH","0.0000 ","0.0207","Bartonella vinsonii"
"bvn","BVwin_13550","K01092","E3.1.3.25, IMPA, suhB","myo-inositol-1(or 4)-monophosphatase","0.1110","0.1479","Bartonella vinsonii"
"bvn","BVwin_13590","K02909","RP-L31, rpmE","large subunit ribosomal protein L31","0.1218","0.4008","Bartonella vinsonii"
"bvn","BVwin_13600","K01623","ALDO","fructose-bisphosphate aldolase, class I","0.5680","0.5267","Bartonella vinsonii"
"bvn","BVwin_13610","K00927","PGK, pgk","phosphoglycerate kinase","0.3906","0.5214","Bartonella vinsonii"
"bvn","BVwin_13620","K00134","GAPDH, gapA","glyceraldehyde 3-phosphate dehydrogenase","0.5166","0.5281","Bartonella vinsonii"
"bvn","BVwin_13630","K00615","E2.2.1.1, tktA, tktB","transketolase","0.4726","0.6145","Bartonella vinsonii"
"bvn","BVwin_13680","K00873","PK, pyk","pyruvate kinase","0.7341","0.8327","Bartonella vinsonii"
"bvn","BVwin_13740","K00949","thiN, TPK1, THI80","thiamine pyrophosphokinase","0.0796","0.0972","Bartonella vinsonii"
"bvn","BVwin_13800","K02911","RP-L32, MRPL32, rpmF","large subunit ribosomal protein L32","0.2338","0.4521","Bartonella vinsonii"
"bvn","BVwin_13810","K00795","ispA","farnesyl diphosphate synthase","0.2867","0.2081","Bartonella vinsonii"
"bvn","BVwin_13820","K03526","gcpE, ispG","(E)-4-hydroxy-3-methylbut-2-enyl-diphosphate synthase","0.6310","0.4182","Bartonella vinsonii"
"bvn","BVwin_13860","K02114","ATPF1E, atpC","F-type H+-transporting ATPase subunit epsilon","0.0665","0.2761","Bartonella vinsonii"
"bvn","BVwin_13870","K02112","ATPF1B, atpD","F-type H+-transporting ATPase subunit beta","0.4028","0.4508","Bartonella vinsonii"
"bvn","BVwin_13880","K02115","ATPF1G, atpG","F-type H+-transporting ATPase subunit gamma","0.3262","0.4160","Bartonella vinsonii"
"bvn","BVwin_13890","K02111","ATPF1A, atpA","F-type H+-transporting ATPase subunit alpha","0.3635","0.4331","Bartonella vinsonii"
"bvn","BVwin_13900","K02113","ATPF1D, atpH","F-type H+-transporting ATPase subunit delta","0.2338","0.3650","Bartonella vinsonii"
"bvn","BVwin_13910","K04066","priA","primosomal protein N (replication factor Y) (superfamily II helicase)","0.1039","0.1241","Bartonella vinsonii"
"bvn","BVwin_13920","K00616","E2.2.1.2, talA, talB","transaldolase","0.2499","0.2247","Bartonella vinsonii"
"bvn","BVwin_13940","K01869","LARS, leuS","leucyl-tRNA synthetase","0.6103","0.5347","Bartonella vinsonii"
"bvn","BVwin_13960","K01895","ACSS, acs","acetyl-CoA synthetase","0.0111","0.0269","Bartonella vinsonii"
"bvn","BVwin_13970","K09812","ftsE","cell division transport system ATP-binding protein","0.1086","0.0737","Bartonella vinsonii"
"bvn","BVwin_13980","K09811","ftsX","cell division transport system permease protein","0.1399","0.0813","Bartonella vinsonii"
"bvn","BVwin_14000","K05685","macB","macrolide transport system ATP-binding/permease protein","0.0000 ","0.0053","Bartonella vinsonii"
"bvn","BVwin_14030","K01142","E3.1.11.2, xthA","exodeoxyribonuclease III","0.0010","0.0110","Bartonella vinsonii"
"bvn","BVwin_14060","K03185","ubiH","2-octaprenyl-6-methoxyphenol hydroxylase","0.4117","0.0775","Bartonella vinsonii"
"bvn","BVwin_14090","K03194","virB1","type IV secretion system protein VirB1","0.0000 ","0.0204","Bartonella vinsonii"
"bvn","BVwin_14160","K03198","virB3, lvhB3","type IV secretion system protein VirB3","0.0000 ","0.0001","Bartonella vinsonii"
"bvn","BVwin_14170","K03199","virB4, lvhB4","type IV secretion system protein VirB4","0.0000 ","0.0001","Bartonella vinsonii"
"bvn","BVwin_14180","K03200","virB5, lvhB5","type IV secretion system protein VirB5","0.0000 ","0.0001","Bartonella vinsonii"
"bvn","BVwin_14190","K03201","virB6, lvhB6","type IV secretion system protein VirB6","0.0000 ","0.0001","Bartonella vinsonii"
"bvn","BVwin_14200","K03200","virB5, lvhB5","type IV secretion system protein VirB5","0.0000 ","0.0001","Bartonella vinsonii"
"bvn","BVwin_14210","K03201","virB6, lvhB6","type IV secretion system protein VirB6","0.0000 ","0.0001","Bartonella vinsonii"
"bvn","BVwin_14220","K03200","virB5, lvhB5","type IV secretion system protein VirB5","0.0000 ","0.0001","Bartonella vinsonii"
"bvn","BVwin_14230","K03201","virB6, lvhB6","type IV secretion system protein VirB6","0.0000 ","0.0001","Bartonella vinsonii"
"bvn","BVwin_14250","K03203","virB8, lvhB8","type IV secretion system protein VirB8","0.0000 ","0.0001","Bartonella vinsonii"
"bvn","BVwin_14260","K03204","virB9, lvhB9","type IV secretion system protein VirB9","0.0000 ","0.0001","Bartonella vinsonii"
"bvn","BVwin_14270","K03195","virB10, lvhB10","type IV secretion system protein VirB10","0.0000 ","0.0001","Bartonella vinsonii"
"bvn","BVwin_14280","K03196","virB11, lvhB11","type IV secretion system protein VirB11","0.0000 ","0.0012","Bartonella vinsonii"
"bvn","BVwin_14290","K00240","sdhB, frdB","succinate dehydrogenase / fumarate reductase, iron-sulfur subunit","0.2338","0.2373","Bartonella vinsonii"
"bvn","BVwin_14300","K00239","sdhA, frdA","succinate dehydrogenase / fumarate reductase, flavoprotein subunit","0.2684","0.2219","Bartonella vinsonii"
"bvn","BVwin_14310","K00242","sdhD, frdD","succinate dehydrogenase / fumarate reductase, membrane anchor subunit","0.2867","0.2319","Bartonella vinsonii"
"bvn","BVwin_14320","K00241","sdhC, frdC","succinate dehydrogenase / fumarate reductase, cytochrome b subunit","0.2684","0.2467","Bartonella vinsonii"
"bvn","BVwin_14330","K02884","RP-L19, MRPL19, rplS","large subunit ribosomal protein L19","0.3906","0.5424","Bartonella vinsonii"
"bvn","BVwin_14400","K09882","cobS","cobaltochelatase CobS","0.0355","0.0302","Bartonella vinsonii"
"bvn","BVwin_14410","K09883","cobT","cobaltochelatase CobT","0.0157","0.0483","Bartonella vinsonii"
"bvn","BVwin_14430","K02902","RP-L28, MRPL28, rpmB","large subunit ribosomal protein L28","0.3164","0.5072","Bartonella vinsonii"
"bvn","BVwin_14460","K00602","purH","phosphoribosylaminoimidazolecarboxamide formyltransferase / IMP cyclohydrolase","0.3103","0.3691","Bartonella vinsonii"
"bvn","BVwin_14510","K02959","RP-S16, MRPS16, rpsP","small subunit ribosomal protein S16","0.3752","0.5158","Bartonella vinsonii"
"bvn","BVwin_14520","K04092","tyrA1","chorismate mutase","0.1270","0.0718","Bartonella vinsonii"
"bvn","BVwin_14530","K03106","SRP54, ffh","signal recognition particle subunit SRP54","0.5327","0.5766","Bartonella vinsonii"
"bvn","BVwin_14540","K01673","cynT, can","carbonic anhydrase","0.0399","0.0279","Bartonella vinsonii"
"bvn","BVwin_14550","K15371","GDH2","glutamate dehydrogenase","0.3003","0.2395","Bartonella vinsonii"
"bvn","BVwin_14570","K01951","guaA, GMPS","GMP synthase (glutamine-hydrolysing)","0.4583","0.4623","Bartonella vinsonii"
"bvn","BVwin_14650","K01586","lysA","diaminopimelate decarboxylase","0.0710","0.1073","Bartonella vinsonii"
"bvn","BVwin_14710","K00220","tyrC","cyclohexadieny/prephenate dehydrogenase","0.1422","0.0517","Bartonella vinsonii"
"bvn","BVwin_14720","K02340","DPO3D1, holA","DNA polymerase III subunit delta","0.9384","0.9971","Bartonella vinsonii"
"bvn","BVwin_14760","K06223","dam","DNA adenine methylase","0.0192","0.0218","Bartonella vinsonii"
"bvn","BVwin_14870","K00941","thiD","hydroxymethylpyrimidine/phosphomethylpyrimidine kinase","0.1238","0.1645","Bartonella vinsonii"
"bvn","BVwin_14880","K00655","plsC","1-acyl-sn-glycerol-3-phosphate acyltransferase","0.7119","0.5099","Bartonella vinsonii"
"bvn","BVwin_14920","K01962","accA","acetyl-CoA carboxylase carboxyl transferase subunit alpha","0.6626","0.6603","Bartonella vinsonii"
"bvn","BVwin_14940","K00891","E2.7.1.71, aroK, aroL","shikimate kinase","0.1756","0.1196","Bartonella vinsonii"
"bvn","BVwin_14950","K01735","aroB","3-dehydroquinate synthase","0.1039","0.1485","Bartonella vinsonii"
"bvn","BVwin_15050","K13747","nspC","carboxynorspermidine decarboxylase","0.0039","0.0391","Bartonella vinsonii"
"bvn","BVwin_15070","K00382","DLD, lpd, pdhD","dihydrolipoamide dehydrogenase","0.5030","0.4139","Bartonella vinsonii"
"bvn","BVwin_15080","K00658","DLST, sucB","2-oxoglutarate dehydrogenase E2 component (dihydrolipoamide succinyltransferase)","0.3018","0.2626","Bartonella vinsonii"
"bvn","BVwin_15090","K00164","OGDH, sucA","2-oxoglutarate dehydrogenase E1 component","0.2472","0.1717","Bartonella vinsonii"
"bvn","BVwin_15100","K01902","sucD","succinyl-CoA synthetase alpha subunit","0.0631","0.0742","Bartonella vinsonii"
"bvn","BVwin_15110","K01903","sucC","succinyl-CoA synthetase beta subunit","0.0322","0.0831","Bartonella vinsonii"
"bvn","BVwin_15120","K00024","mdh","malate dehydrogenase","0.0657","0.0819","Bartonella vinsonii"
"bvn","BVwin_15150","K01778","dapF","diaminopimelate epimerase","0.3297","0.2269","Bartonella vinsonii"
"bvn","BVwin_15170","K03110","ftsY","fused signal recognition particle receptor","0.6601","0.5766","Bartonella vinsonii"
"bvn","BVwin_15190","K01069","E3.1.2.6, gloB","hydroxyacylglutathione hydrolase","0.0000 ","0.0100","Bartonella vinsonii"
"bvn","BVwin_15260","K03628","rho","transcription termination factor Rho","0.2427","0.1615","Bartonella vinsonii"
"bvn","BVwin_r001","K01985","5SrRNA, rrf","5S ribosomal RNA","0.0060","0.3104","Bartonella vinsonii"
"bvn","BVwin_r002","K01980","23SrRNA, rrl","23S ribosomal RNA","0.0000 ","0.3104","Bartonella vinsonii"
"bvn","BVwin_r003","K01977","16SrRNA, rrs","16S ribosomal RNA","0.0000 ","0.3104","Bartonella vinsonii"
"bvn","BVwin_r004","K01985","5SrRNA, rrf","5S ribosomal RNA","0.0060","0.3104","Bartonella vinsonii"
"bvn","BVwin_r005","K01980","23SrRNA, rrl","23S ribosomal RNA","0.0000 ","0.3104","Bartonella vinsonii"
"bvn","BVwin_r006","K01977","16SrRNA, rrs","16S ribosomal RNA","0.0000 ","0.3104","Bartonella vinsonii"
"bvn","BVwin_t001","K14218","tRNA-Ala","tRNA Ala","0.0060","0.2024","Bartonella vinsonii"
"bvn","BVwin_t002","K14219","tRNA-Arg","tRNA Arg","0.0000 ","0.2024","Bartonella vinsonii"
"bvn","BVwin_t003","K14233","tRNA-Ser","tRNA Ser","0.0000 ","0.2024","Bartonella vinsonii"
"bvn","BVwin_t004","K14233","tRNA-Ser","tRNA Ser","0.0000 ","0.2024","Bartonella vinsonii"
"bvn","BVwin_t005","K14231","tRNA-Phe","tRNA Phe","0.0000 ","0.2024","Bartonella vinsonii"
"bvn","BVwin_t006","K14226","tRNA-His","tRNA His","0.0000 ","0.2024","Bartonella vinsonii"
"bvn","BVwin_t007","K14223","tRNA-Gln","tRNA Gln","0.0000 ","0.2024","Bartonella vinsonii"
"bvn","BVwin_t008","K14219","tRNA-Arg","tRNA Arg","0.0000 ","0.2024","Bartonella vinsonii"
"bvn","BVwin_t009","K14228","tRNA-Leu","tRNA Leu","0.0060","0.2024","Bartonella vinsonii"
"bvn","BVwin_t010","K14236","tRNA-Tyr","tRNA Tyr","0.0000 ","0.2024","Bartonella vinsonii"
"bvn","BVwin_t011","K14225","tRNA-Gly","tRNA Gly","0.0000 ","0.2024","Bartonella vinsonii"
"bvn","BVwin_t012","K14235","tRNA-Trp","tRNA Trp","0.0060","0.2024","Bartonella vinsonii"
"bvn","BVwin_t013","K14234","tRNA-Thr","tRNA Thr","0.0060","0.2024","Bartonella vinsonii"
"bvn","BVwin_t014","K14229","tRNA-Lys","tRNA Lys","0.0060","0.2024","Bartonella vinsonii"
"bvn","BVwin_t015","K14228","tRNA-Leu","tRNA Leu","0.0060","0.2024","Bartonella vinsonii"
"bvn","BVwin_t016","K14234","tRNA-Thr","tRNA Thr","0.0060","0.2024","Bartonella vinsonii"
"bvn","BVwin_t017","K14229","tRNA-Lys","tRNA Lys","0.0060","0.2024","Bartonella vinsonii"
"bvn","BVwin_t018","K14233","tRNA-Ser","tRNA Ser","0.0000 ","0.2024","Bartonella vinsonii"
"bvn","BVwin_t019","K14221","tRNA-Asp","tRNA Asp","0.0000 ","0.2024","Bartonella vinsonii"
"bvn","BVwin_t020","K14237","tRNA-Val","tRNA Val","0.0060","0.2024","Bartonella vinsonii"
"bvn","BVwin_t021","K14228","tRNA-Leu","tRNA Leu","0.0060","0.2024","Bartonella vinsonii"
"bvn","BVwin_t022","K14232","tRNA-Pro","tRNA Pro","0.0000 ","0.2024","Bartonella vinsonii"
"bvn","BVwin_t023","K14237","tRNA-Val","tRNA Val","0.0060","0.2024","Bartonella vinsonii"
"bvn","BVwin_t024","K14219","tRNA-Arg","tRNA Arg","0.0000 ","0.2024","Bartonella vinsonii"
"bvn","BVwin_t025","K14232","tRNA-Pro","tRNA Pro","0.0000 ","0.2024","Bartonella vinsonii"
"bvn","BVwin_t026","K14224","tRNA-Glu","tRNA Glu","0.0000 ","0.2024","Bartonella vinsonii"
"bvn","BVwin_t027","K14222","tRNA-Cys","tRNA Cys","0.0000 ","0.2024","Bartonella vinsonii"
"bvn","BVwin_t028","K14220","tRNA-Asn","tRNA Asn","0.0000 ","0.2024","Bartonella vinsonii"
"bvn","BVwin_t029","K14230","tRNA-Met","tRNA Met","0.0000 ","0.2024","Bartonella vinsonii"
"bvn","BVwin_t030","K14230","tRNA-Met","tRNA Met","0.0000 ","0.2024","Bartonella vinsonii"
"bvn","BVwin_t031","K14228","tRNA-Leu","tRNA Leu","0.0060","0.2024","Bartonella vinsonii"
"bvn","BVwin_t032","K14233","tRNA-Ser","tRNA Ser","0.0000 ","0.2024","Bartonella vinsonii"
"bvn","BVwin_t033","K14230","tRNA-Met","tRNA Met","0.0000 ","0.2024","Bartonella vinsonii"
"bvn","BVwin_t034","K14218","tRNA-Ala","tRNA Ala","0.0060","0.2024","Bartonella vinsonii"
"bvn","BVwin_t035","K14227","tRNA-Ile","tRNA Ile","0.0000 ","0.2024","Bartonella vinsonii"
"bvn","BVwin_t036","K14223","tRNA-Gln","tRNA Gln","0.0000 ","0.2024","Bartonella vinsonii"
"bvn","BVwin_t037","K14230","tRNA-Met","tRNA Met","0.0000 ","0.2024","Bartonella vinsonii"
"bvn","BVwin_t038","K14218","tRNA-Ala","tRNA Ala","0.0060","0.2024","Bartonella vinsonii"
"bvn","BVwin_t039","K14227","tRNA-Ile","tRNA Ile","0.0000 ","0.2024","Bartonella vinsonii"
"bvn","BVwin_t040","K14234","tRNA-Thr","tRNA Thr","0.0060","0.2024","Bartonella vinsonii"
"bvn","BVwin_t041","K14228","tRNA-Leu","tRNA Leu","0.0060","0.2024","Bartonella vinsonii"
"bvn","BVwin_t042","K14225","tRNA-Gly","tRNA Gly","0.0000 ","0.2024","Bartonella vinsonii"
